vehicle_id,step,t,command_x_global,command_y,command_v,command_a,realized_x_global,realized_y,realized_v,result
MV_ACTIVE,0,0.0,6889.64,-3.5,16.4,4.0,6889.64,-3.5,16.4,matched
MV_ACTIVE,1,0.1,6891.320000000001,-3.5,16.799999999999997,4.0,6891.320000000001,-3.5,16.799999999999997,matched
MV_ACTIVE,2,0.2,6893.040000000001,-3.5,17.199999999999996,4.0,6893.040000000001,-3.5,17.199999999999996,matched
MV_ACTIVE,3,0.3,6894.800000000001,-3.5,17.599999999999994,4.0,6894.800000000001,-3.5,17.599999999999994,matched
MV_ACTIVE,4,0.4,6896.600000000001,-3.5,17.999999999999993,4.0,6896.600000000001,-3.5,17.999999999999993,matched
MV_ACTIVE,5,0.5,6898.440000000001,-3.5,18.39999999999999,4.0,6898.440000000001,-3.5,18.39999999999999,matched
MV_ACTIVE,6,0.6,6900.3200000000015,-3.5,18.79999999999999,4.0,6900.3200000000015,-3.5,18.79999999999999,matched
MV_ACTIVE,7,0.7,6902.240000000002,-3.5,19.19999999999999,4.0,6902.240000000002,-3.5,19.19999999999999,matched
MV_ACTIVE,8,0.8,6904.200000000002,-3.5,19.599999999999987,4.0,6904.200000000002,-3.5,19.599999999999987,matched
MV_ACTIVE,9,0.9,6906.200000000002,-3.5,19.999999999999986,4.0,6906.200000000002,-3.5,19.999999999999986,matched
MV_ACTIVE,10,1.0,6908.240000000002,-3.5,20.399999999999984,4.0,6908.240000000002,-3.5,20.399999999999984,matched
MV_ACTIVE,11,1.1,6910.318400000002,-3.5,20.783999999999985,3.8400000000000065,6910.318400000002,-3.5,20.783999999999985,matched
MV_ACTIVE,12,1.2,6912.433664000002,-3.5,21.152639999999984,3.686400000000006,6912.433664000002,-3.5,21.152639999999984,matched
MV_ACTIVE,13,1.3,6914.5843174400015,-3.5,21.506534399999985,3.5389440000000065,6914.5843174400015,-3.5,21.506534399999985,matched
MV_ACTIVE,14,1.4,6916.768944742402,-3.5,21.846273023999984,3.397386240000006,6916.768944742402,-3.5,21.846273023999984,matched
MV_ACTIVE,15,1.5,6918.986186952706,-3.5,22.172422103039985,3.2614907904000066,6918.986186952706,-3.5,22.172422103039985,matched
MV_ACTIVE,16,1.6,6921.2347394745975,-3.5,22.485525218918387,3.1310311587840065,6921.2347394745975,-3.5,22.485525218918387,matched
MV_ACTIVE,17,1.7,6923.513349895614,-3.5,22.78610421016165,3.0057899124326455,6923.513349895614,-3.5,22.78610421016165,matched
MV_ACTIVE,18,1.8,6925.8208158997895,-3.5,23.074660041755184,2.88555831593534,6925.8208158997895,-3.5,23.074660041755184,matched
MV_ACTIVE,19,1.9,6928.155983263798,-3.5,23.351673640084975,2.7701359832979264,6928.155983263798,-3.5,23.351673640084975,matched
MV_ACTIVE,20,2.0,6930.517743933246,-3.5,23.617606694481577,2.65933054396601,6930.517743933246,-3.5,23.617606694481577,matched
MV_ACTIVE,21,2.1,6932.905034175916,-3.5,23.872902426702314,2.5529573222073694,6932.905034175916,-3.5,23.872902426702314,matched
MV_ACTIVE,22,2.2,6935.31683280888,-3.5,24.11798632963422,2.4508390293190745,6935.31683280888,-3.5,24.11798632963422,matched
MV_ACTIVE,23,2.3,6937.752159496525,-3.5,24.353266876448853,2.352805468146312,6937.752159496525,-3.5,24.353266876448853,matched
MV_ACTIVE,24,2.4,6940.210073116664,-3.5,24.5791362013909,2.258693249420459,6940.210073116664,-3.5,24.5791362013909,matched
MV_ACTIVE,25,2.5,6942.689670191998,-3.5,24.79597075333526,2.1683455194436405,6942.689670191998,-3.5,24.79597075333526,matched
MV_ACTIVE,26,2.6,6945.190083384318,-3.5,25.00413192320185,2.0816116986658955,6945.190083384318,-3.5,25.00413192320185,matched
MV_ACTIVE,27,2.7,6947.710480048946,-3.5,25.203966646273777,1.99834723071926,6947.710480048946,-3.5,25.203966646273777,matched
MV_ACTIVE,28,2.8,6950.250060846988,-3.5,25.395807980422827,1.9184133414904894,6950.250060846988,-3.5,25.395807980422827,matched
MV_ACTIVE,29,2.9,6952.8080584131085,-3.5,25.579975661205914,1.8416768078308694,6952.8080584131085,-3.5,25.579975661205914,matched
MV_ACTIVE,30,3.0,6955.383736076585,-3.5,25.756776634757678,1.7680097355176345,6955.383736076585,-3.5,25.756776634757678,matched
MV_ACTIVE,31,3.1,6953.9763866335215,-3.5,25.92650556936737,1.697289346096929,6953.9763866335215,-3.5,25.92650556936737,matched
MV_ACTIVE,32,3.2,6956.585331168181,-3.5,26.089445346592676,1.6293977722530515,6956.585331168181,-3.5,26.089445346592676,matched
MV_ACTIVE,33,3.3,6955.209917921454,-3.5,26.24586753272897,1.5642218613629297,6955.209917921454,-3.5,26.24586753272897,matched
MV_ACTIVE,34,3.4,6953.8495212045955,-3.5,26.39603283141981,1.5016529869084125,6953.8495212045955,-3.5,26.39603283141981,matched
MV_ACTIVE,35,3.5,6956.503540356412,-3.5,26.540191518163017,1.4415868674320764,6956.503540356412,-3.5,26.540191518163017,matched
MV_ACTIVE,36,3.6,6955.171398742155,-3.5,26.678583857436497,1.3839233927347934,6955.171398742155,-3.5,26.678583857436497,matched
MV_ACTIVE,37,3.7,6953.85254279247,-3.5,26.811440503139035,1.3285664570254014,6953.85254279247,-3.5,26.811440503139035,matched
MV_ACTIVE,38,3.8,6956.546441080771,-3.5,26.938982883013473,1.275423798744386,6956.546441080771,-3.5,26.938982883013473,matched
MV_ACTIVE,39,3.9,6955.25258343754,-3.5,27.061423567692934,1.2244068467946108,6955.25258343754,-3.5,27.061423567692934,matched
MV_ACTIVE,40,4.0,6953.970480100039,-3.5,27.178966624985218,1.1754305729228265,6953.970480100039,-3.5,27.178966624985218,matched
MV_ACTIVE,41,4.1,6956.699660896037,-3.5,27.29180795998581,1.1284133500059128,6956.699660896037,-3.5,27.29180795998581,matched
p16_16001_on_ramp_0000,41,4.1,6851.64,-3.5,16.4,4.0,6851.64,-3.5,16.4,matched
MV_ACTIVE,42,4.2,6955.439674460195,-3.5,27.400135641586377,1.0832768160056758,6955.439674460195,-3.5,27.400135641586377,matched
p16_16001_on_ramp_0000,42,4.2,6853.320000000001,-3.5,16.799999999999997,4.0,6853.320000000001,-3.5,16.799999999999997,matched
MV_ACTIVE,43,4.3,6954.1900874817875,-3.5,27.504130215922924,1.039945743365449,6954.1900874817875,-3.5,27.504130215922924,matched
p16_16001_on_ramp_0000,43,4.3,6855.040000000001,-3.5,17.199999999999996,4.0,6855.040000000001,-3.5,17.199999999999996,matched
MV_ACTIVE,44,4.4,6952.950483982516,-3.5,27.603965007286007,0.9983479136308304,6952.950483982516,-3.5,27.603965007286007,matched
p16_16001_on_ramp_0000,44,4.4,6856.800000000001,-3.5,17.599999999999994,4.0,6856.800000000001,-3.5,17.599999999999994,matched
MV_ACTIVE,45,4.5,6955.720464623215,-3.5,27.69980640699457,0.9584139970855973,6955.720464623215,-3.5,27.69980640699457,matched
p16_16001_on_ramp_0000,45,4.5,6858.600000000001,-3.5,17.999999999999993,4.0,6858.600000000001,-3.5,17.999999999999993,matched
MV_ACTIVE,46,4.6,6954.499646038286,-3.5,27.791814150714785,0.9200774372021727,6954.499646038286,-3.5,27.791814150714785,matched
p16_16001_on_ramp_0000,46,4.6,6860.440000000001,-3.5,18.39999999999999,4.0,6860.440000000001,-3.5,18.39999999999999,matched
MV_ACTIVE,47,4.7,6953.287660196755,-3.5,27.880141584686193,0.883274339714086,6953.287660196755,-3.5,27.880141584686193,matched
p16_16001_on_ramp_0000,47,4.7,6862.3200000000015,-3.5,18.79999999999999,4.0,6862.3200000000015,-3.5,18.79999999999999,matched
MV_ACTIVE,48,4.8,6956.084153788885,-3.5,27.964935921298746,0.8479433661255229,6956.084153788885,-3.5,27.964935921298746,matched
p16_16001_on_ramp_0000,48,4.8,6864.240000000002,-3.5,19.19999999999999,4.0,6864.240000000002,-3.5,19.19999999999999,matched
MV_ACTIVE,49,4.9,6954.888787637329,-3.5,28.046338484446796,0.8140256314805016,6954.888787637329,-3.5,28.046338484446796,matched
p16_16001_on_ramp_0000,49,4.9,6866.200000000002,-3.5,19.599999999999987,4.0,6866.200000000002,-3.5,19.599999999999987,matched
MV_ACTIVE,50,5.0,6953.701236131836,-3.5,28.124484945068925,0.7814646062212817,6953.701236131836,-3.5,28.124484945068925,matched
p16_16001_on_ramp_0000,50,5.0,6868.200000000002,-3.5,19.999999999999986,4.0,6868.200000000002,-3.5,19.999999999999986,matched
MV_ACTIVE,51,5.1,6956.521186686562,-3.5,28.199505547266167,0.75020602197243,6956.521186686562,-3.5,28.199505547266167,matched
p16_16001_on_ramp_0000,51,5.1,6870.240000000002,-3.5,20.399999999999984,4.0,6870.240000000002,-3.5,20.399999999999984,matched
MV_ACTIVE,52,5.2,6955.348339219099,-3.5,28.27152532537552,0.7201977810935333,6955.348339219099,-3.5,28.27152532537552,matched
p16_16001_on_ramp_0000,52,5.2,6872.318400000002,-3.5,20.783999999999985,3.8400000000000065,6872.318400000002,-3.5,20.783999999999985,matched
MV_ACTIVE,53,5.3,6954.182405650336,-3.5,28.3406643123605,0.6913898698497918,6954.182405650336,-3.5,28.3406643123605,matched
p16_16001_on_ramp_0000,53,5.3,6874.433664000002,-3.5,21.152639999999984,3.686400000000006,6874.433664000002,-3.5,21.152639999999984,matched
MV_ACTIVE,54,5.4,6953.023109424322,-3.5,28.40703773986608,0.6637342750558006,6953.023109424322,-3.5,28.40703773986608,matched
p16_16001_on_ramp_0000,54,5.4,6876.5843174400015,-3.5,21.506534399999985,3.5389440000000065,6876.5843174400015,-3.5,21.506534399999985,matched
MV_ACTIVE,55,5.5,6955.870185047349,-3.5,28.470756230271437,0.637184904053568,6955.870185047349,-3.5,28.470756230271437,matched
p16_16001_on_ramp_0000,55,5.5,6878.768944742402,-3.5,21.846273023999984,3.397386240000006,6878.768944742402,-3.5,21.846273023999984,matched
MV_ACTIVE,56,5.6,6954.723377645455,-3.5,28.53192598106058,0.6116975078914252,6954.723377645455,-3.5,28.53192598106058,matched
p16_16001_on_ramp_0000,56,5.6,6880.986186952706,-3.5,22.172422103039985,3.2614907904000066,6880.986186952706,-3.5,22.172422103039985,matched
MV_ACTIVE,57,5.7,6953.582442539637,-3.5,28.59064894181816,0.5872296075757675,6953.582442539637,-3.5,28.59064894181816,matched
p16_16001_on_ramp_0000,57,5.7,6883.2347394745975,-3.5,22.485525218918387,3.1310311587840065,6883.2347394745975,-3.5,22.485525218918387,matched
MV_ACTIVE,58,5.8,6956.447144838051,-3.5,28.647022984145433,0.5637404232727363,6956.447144838051,-3.5,28.647022984145433,matched
p16_16001_on_ramp_0000,58,5.8,6885.513349895614,-3.5,22.78610421016165,3.0057899124326455,6885.513349895614,-3.5,22.78610421016165,matched
MV_ACTIVE,59,5.9,6955.317259044529,-3.5,28.701142064779617,0.5411908063418267,6955.317259044529,-3.5,28.701142064779617,matched
p16_16001_on_ramp_0000,59,5.9,6887.8208158997895,-3.5,23.074660041755184,2.88555831593534,6887.8208158997895,-3.5,23.074660041755184,matched
